CustomerID,ProductCategory,PurchaseAmount,Timestamp
cfdcec60-ca4f-47eb-aff2-fccdd0107ad1,Cameras & Drones,407.7,2023-11-07 20:42:47
9092eb83-cc33-4ebe-86a5-3ce6e238464e,Cameras & Drones,354.24,2023-11-06 10:37:10
2623f992-9503-4691-bf59-081a429dc7cf,Laptops & Computers,1739.04,2023-04-22 10:35:19
dc8ebefa-286c-42a4-bee3-178bec9c8e65,Laptops & Computers,90.14,2023-02-27 15:45:05
82dac42b-c29a-4c51-b279-faa63e0ab945,Audio & Headphones,1880.18,2023-02-08 17:06:09
b458c0c9-2324-481d-acee-25385cd213e7,Audio & Headphones,407.64,2023-04-24 05:57:13
626a2cff-0c42-47dc-bc15-67d1304cb94c,Cameras & Drones,892.29,2023-04-18 16:54:08
a88da38c-22cf-4523-907b-56c7c310e1a6,Laptops & Computers,829.73,2023-06-03 05:08:43
ef29dbb5-7e60-4a15-81f7-a10e6d6d7d47,Laptops & Computers,795.8,2023-11-28 11:41:39
b458c0c9-2324-481d-acee-25385cd213e7,Smart Home Devices,140.58,2023-10-25 09:13:22
8ce84edf-3679-44e3-99cc-0b37fa1362ef,Cameras & Drones,928.47,2023-09-29 01:02:09
6712258b-44e8-4f66-bf5e-334a8b4dafa9,Smart Home Devices,1932.98,2023-07-04 10:01:21
3afc2fa3-82d8-4d28-a8a3-0cb4cfbe790b,Wearable Technology,240.46,2023-08-14 23:01:39
9d9dcc14-58d8-4ec7-8841-714017eb847f,Audio & Headphones,287.97,2023-05-29 14:30:20
4f5b0c95-1cdf-4b41-b3a8-8c9760610ff1,Laptops & Computers,1823.17,2023-02-18 02:14:59
2d6cac83-84c7-4bfb-8d8e-712a2f1da868,Audio & Headphones,657.84,2023-08-09 20:43:49
59854f28-27a9-4094-b54d-38e96c38ee2c,Wearable Technology,1157.02,2023-01-04 03:30:36
809a42fc-0d46-43c0-8008-affafc93f703,Wearable Technology,1561.51,2023-04-10 08:49:37
910e3f9d-b109-4449-8e73-89de3f8045a4,Audio & Headphones,1215.9,2023-11-06 14:37:02
74c9ff66-5edf-4102-ac02-cca3fb58b2dc,Audio & Headphones,138.19,2023-09-07 10:29:59
a35209ea-961d-4d04-9054-c336851054d9,Cameras & Drones,579.13,2023-01-31 10:45:08
dc8ebefa-286c-42a4-bee3-178bec9c8e65,Wearable Technology,1932.25,2023-09-30 00:03:07
b379e05a-69cb-4f42-b58b-c0e8aa1893a4,Cameras & Drones,1614.28,2023-07-30 16:18:08
4d5ed89c-1407-49c1-b1ed-8f71a5dfbbf2,Smart Home Devices,1555.88,2023-06-19 04:09:15
4f5b0c95-1cdf-4b41-b3a8-8c9760610ff1,Laptops & Computers,437.74,2023-01-21 02:31:35
afa89c40-47ed-413b-8a16-4acc71f1f35c,Laptops & Computers,1553.98,2023-07-05 12:37:24
b379e05a-69cb-4f42-b58b-c0e8aa1893a4,Audio & Headphones,1733.05,2023-10-31 18:15:35
1782ab34-5efb-4fe1-ae9a-7bebecf3fb08,Wearable Technology,236.05,2023-06-30 11:39:34
c626efad-649b-4bab-b36e-243d7d72e812,Cameras & Drones,1472.73,2023-08-24 20:58:15
4df381f5-5203-47a6-b94c-e4bcf9627eb7,Laptops & Computers,1144.42,2023-01-06 16:27:14
621bcf38-62af-4883-bf19-8ba8b3efbb10,Laptops & Computers,1533.53,2023-11-24 13:49:13
f21fc298-118d-46bb-97a9-0b72051d63f8,Laptops & Computers,1069.33,2023-10-09 15:49:34
51cf495a-88a9-4f1f-821a-f0aa2ea9cd9f,Wearable Technology,906.71,2023-11-15 11:29:54
809a42fc-0d46-43c0-8008-affafc93f703,Smart Home Devices,662.99,2023-02-07 16:33:35
6712258b-44e8-4f66-bf5e-334a8b4dafa9,Cameras & Drones,536.12,2023-07-25 10:46:04
85682426-1d4b-4e94-9750-5e5722a8e81e,Laptops & Computers,445.97,2023-09-24 03:03:40
d6b51279-ada8-4d23-843f-3008bb331ba6,Laptops & Computers,1404.83,2023-09-29 19:23:07
8d7679a2-7bf9-4b42-9518-db4a201242a5,Wearable Technology,1625.83,2023-01-30 09:24:08
cad5479c-e5a7-42b3-a960-55697da06c16,Audio & Headphones,1617.16,2023-12-09 03:12:43
e2b0f488-84ad-4e19-89e0-32dc2f9a66ad,Laptops & Computers,682.47,2023-09-01 14:28:06
9d9dcc14-58d8-4ec7-8841-714017eb847f,Smart Home Devices,670.11,2023-02-03 15:36:00
2ef4022e-09dd-4288-b797-c3b955abc88d,Smart Home Devices,1313.0,2023-01-26 20:50:00
5048e2ff-d8a2-43e3-babc-2562dcac2462,Smart Home Devices,644.32,2023-01-30 11:53:41
74c9ff66-5edf-4102-ac02-cca3fb58b2dc,Laptops & Computers,863.95,2023-06-16 22:01:08
2ac088a8-e6c8-43a6-90f4-34d295ec7d48,Laptops & Computers,575.35,2023-04-07 08:08:55
060ebd83-2295-4efe-ad9a-0767167b9108,Laptops & Computers,680.25,2023-06-07 08:44:15
82dac42b-c29a-4c51-b279-faa63e0ab945,Smart Home Devices,837.48,2023-04-29 22:03:41
2772f0af-cf88-41f3-b523-29014dc0932a,Audio & Headphones,531.41,2023-02-19 07:13:42
864975dd-8f01-4c0d-a5f9-a7f3c6d4eca8,Laptops & Computers,636.71,2023-06-28 11:37:20
67100d8a-89fa-48a8-b8b9-391a7c7ebfa3,Smart Home Devices,570.22,2023-01-03 14:34:41
864975dd-8f01-4c0d-a5f9-a7f3c6d4eca8,Audio & Headphones,150.38,2023-09-16 22:32:04
a6e5a887-0542-4288-9237-3820c2d361ea,Smart Home Devices,1286.99,2023-02-20 14:28:13
864975dd-8f01-4c0d-a5f9-a7f3c6d4eca8,Cameras & Drones,1004.43,2023-03-05 09:40:47
e3d4d9d6-9b20-4517-882b-aa25c70e220b,Audio & Headphones,207.66,2023-05-03 15:11:51
fff5a8c9-9308-4c1f-bf90-273344ed88ae,Cameras & Drones,1283.0,2023-02-05 15:39:49
4df381f5-5203-47a6-b94c-e4bcf9627eb7,Laptops & Computers,1642.04,2023-03-15 01:55:27
2ac088a8-e6c8-43a6-90f4-34d295ec7d48,Smart Home Devices,675.52,2023-12-06 13:42:29
aad07a7e-170c-45c5-8d78-e5e4fbb26f8c,Cameras & Drones,1723.8,2023-10-08 16:25:31
128c18e9-0891-450f-91f6-95aee87873c5,Audio & Headphones,82.35,2023-08-01 18:53:54
3a1df998-4058-4bf2-9b66-d9283d2e7e04,Audio & Headphones,1308.09,2023-05-04 20:23:15
54de3178-6370-4b7f-b47b-7c33c06f99cb,Wearable Technology,1683.53,2023-07-09 15:36:42
9d9dcc14-58d8-4ec7-8841-714017eb847f,Smart Home Devices,271.27,2023-05-21 02:44:38
2999fa18-62f9-410b-a6fa-1328de467c31,Wearable Technology,552.99,2023-07-05 14:53:47
8f31633d-2580-4d97-b7a2-68d3c12d2181,Wearable Technology,1965.23,2023-02-20 06:02:27
ef29dbb5-7e60-4a15-81f7-a10e6d6d7d47,Smart Home Devices,521.61,2023-12-23 04:29:35
1782ab34-5efb-4fe1-ae9a-7bebecf3fb08,Cameras & Drones,1805.82,2023-01-15 08:44:42
3afc2fa3-82d8-4d28-a8a3-0cb4cfbe790b,Smart Home Devices,730.96,2023-12-25 04:42:23
aad07a7e-170c-45c5-8d78-e5e4fbb26f8c,Laptops & Computers,1719.83,2023-10-29 18:32:21
54de3178-6370-4b7f-b47b-7c33c06f99cb,Audio & Headphones,214.07,2023-09-25 09:03:03
7688dac3-8865-4ccb-8a6c-31b84bddc0a2,Audio & Headphones,1182.34,2023-09-11 06:53:35
4d5ed89c-1407-49c1-b1ed-8f71a5dfbbf2,Laptops & Computers,1948.64,2023-05-13 18:36:01
5278a2e7-bc23-49e9-952c-b1718c9daad1,Wearable Technology,1399.2,2023-06-25 04:00:15
9092eb83-cc33-4ebe-86a5-3ce6e238464e,Smart Home Devices,393.05,2023-05-02 19:23:47
54de3178-6370-4b7f-b47b-7c33c06f99cb,Cameras & Drones,398.7,2023-12-19 15:12:55
4f5b0c95-1cdf-4b41-b3a8-8c9760610ff1,Laptops & Computers,1332.35,2023-10-16 17:55:44
25f38215-95e3-4138-ab1e-55485f7172cb,Audio & Headphones,1042.19,2023-06-24 23:40:05
626a2cff-0c42-47dc-bc15-67d1304cb94c,Cameras & Drones,999.15,2023-11-02 03:40:10
8186e1b6-29ab-4141-8a64-e60b8eddd0e7,Wearable Technology,732.65,2023-08-11 14:53:20
7363fb0d-4163-43d2-a4d9-f07b06f916fe,Smart Home Devices,430.72,2023-07-04 00:47:56
25f38215-95e3-4138-ab1e-55485f7172cb,Laptops & Computers,1165.41,2023-05-26 14:27:11
ed9d63bc-1cce-45d5-b524-cf3b15a884f3,Smart Home Devices,1989.37,2023-03-01 09:06:37
98061104-c51a-4818-9559-a9e0593a0d3b,Cameras & Drones,1772.81,2023-10-02 23:04:27
c7567d86-3be6-4715-90e6-ce3ab0a19159,Cameras & Drones,884.96,2023-10-12 05:01:40
3cd70ee0-82a8-4b0c-a3f1-0ef5c0171f2a,Laptops & Computers,1961.65,2023-09-08 05:30:27
809a42fc-0d46-43c0-8008-affafc93f703,Cameras & Drones,800.94,2023-05-22 16:00:32
0f01b551-2d11-4dba-a99a-a3721c8f08c6,Wearable Technology,1135.76,2023-11-18 11:45:34
59854f28-27a9-4094-b54d-38e96c38ee2c,Wearable Technology,1863.53,2023-01-06 03:38:21
dc8ebefa-286c-42a4-bee3-178bec9c8e65,Wearable Technology,1249.26,2023-10-10 07:08:05
c626efad-649b-4bab-b36e-243d7d72e812,Wearable Technology,545.62,2023-11-06 14:23:37
864975dd-8f01-4c0d-a5f9-a7f3c6d4eca8,Wearable Technology,1494.5,2023-03-26 16:02:40
3afc2fa3-82d8-4d28-a8a3-0cb4cfbe790b,Laptops & Computers,1432.38,2023-10-23 12:37:58
98061104-c51a-4818-9559-a9e0593a0d3b,Wearable Technology,1628.25,2023-09-27 17:20:34
2d6cac83-84c7-4bfb-8d8e-712a2f1da868,Smart Home Devices,1242.45,2023-06-22 10:53:47
8ce84edf-3679-44e3-99cc-0b37fa1362ef,Smart Home Devices,1274.39,2023-12-03 17:38:27
a28e75f3-077c-4986-ba23-3fa3069ab770,Audio & Headphones,1778.9,2023-07-27 18:03:58
9d9dcc14-58d8-4ec7-8841-714017eb847f,Wearable Technology,233.26,2023-01-08 17:05:26
809a42fc-0d46-43c0-8008-affafc93f703,Laptops & Computers,957.92,2023-06-28 01:39:10
96661989-b117-4b8a-b1b4-ba138e48bf0a,Cameras & Drones,1685.92,2023-02-21 04:23:21
4df381f5-5203-47a6-b94c-e4bcf9627eb7,Smart Home Devices,122.83,2023-04-24 17:45:41
85682426-1d4b-4e94-9750-5e5722a8e81e,Laptops & Computers,297.77,2023-11-25 23:53:04
4f5b0c95-1cdf-4b41-b3a8-8c9760610ff1,Cameras & Drones,579.51,2023-08-03 11:11:39
738465dd-2523-49ee-b87c-944991d29530,Audio & Headphones,1691.94,2023-12-09 00:12:15
5993ffa6-ca2c-4dc1-8844-068c100dab88,Laptops & Computers,1292.99,2023-12-20 01:06:20
f188e66b-eeaf-4459-bc1f-a89f1ef4a6fc,Laptops & Computers,1600.61,2023-09-16 20:29:50
3a1df998-4058-4bf2-9b66-d9283d2e7e04,Audio & Headphones,1500.88,2023-02-12 18:39:21
51cf495a-88a9-4f1f-821a-f0aa2ea9cd9f,Cameras & Drones,207.7,2023-11-17 02:35:42
3afc2fa3-82d8-4d28-a8a3-0cb4cfbe790b,Audio & Headphones,847.46,2023-03-12 13:18:49
2ef4022e-09dd-4288-b797-c3b955abc88d,Wearable Technology,517.59,2023-01-07 03:05:25
25f38215-95e3-4138-ab1e-55485f7172cb,Smart Home Devices,1337.38,2023-11-19 22:30:12
2ef4022e-09dd-4288-b797-c3b955abc88d,Cameras & Drones,1488.9,2023-10-25 12:51:16
626a2cff-0c42-47dc-bc15-67d1304cb94c,Cameras & Drones,868.22,2023-10-03 13:38:19
3671c554-b023-49f8-9791-526e5b273996,Laptops & Computers,1527.8,2023-11-24 03:25:44
c712036b-82c9-4c34-8e04-0943e3419e0e,Audio & Headphones,139.71,2023-03-24 19:58:40
5993ffa6-ca2c-4dc1-8844-068c100dab88,Audio & Headphones,391.89,2023-03-18 08:38:39
51cf495a-88a9-4f1f-821a-f0aa2ea9cd9f,Wearable Technology,1008.65,2023-08-23 17:17:26
4f6e57d9-e5b4-4fdc-bc04-a9d401b347f1,Smart Home Devices,956.11,2023-03-08 10:07:32
c626efad-649b-4bab-b36e-243d7d72e812,Wearable Technology,1250.91,2023-04-24 09:30:44
4f6e57d9-e5b4-4fdc-bc04-a9d401b347f1,Wearable Technology,558.74,2023-02-12 17:55:05
3a1df998-4058-4bf2-9b66-d9283d2e7e04,Wearable Technology,1027.03,2023-01-16 15:44:55
de7640d4-d913-49d2-b11e-4faeea2f194d,Cameras & Drones,367.72,2023-01-13 17:42:47
aad07a7e-170c-45c5-8d78-e5e4fbb26f8c,Wearable Technology,101.7,2023-06-28 12:20:47
a88da38c-22cf-4523-907b-56c7c310e1a6,Audio & Headphones,1172.17,2023-09-24 07:39:29
afa89c40-47ed-413b-8a16-4acc71f1f35c,Audio & Headphones,300.58,2023-11-20 22:42:04
636c0561-d2c0-488d-acfa-0f28da669fe3,Laptops & Computers,1885.86,2023-06-13 13:16:50
a28e75f3-077c-4986-ba23-3fa3069ab770,Smart Home Devices,1320.4,2023-06-26 22:28:58
e627b5da-652f-408f-99ff-ce6f07e31432,Cameras & Drones,185.25,2023-12-16 08:44:14
960bc8f9-aea7-4373-a6b4-ffce10a03683,Wearable Technology,125.98,2023-02-23 00:14:41
afa89c40-47ed-413b-8a16-4acc71f1f35c,Smart Home Devices,1328.66,2023-05-09 10:58:36
3671c554-b023-49f8-9791-526e5b273996,Wearable Technology,95.38,2023-04-08 20:29:21
8ce84edf-3679-44e3-99cc-0b37fa1362ef,Audio & Headphones,1401.14,2023-08-17 00:01:53
2623f992-9503-4691-bf59-081a429dc7cf,Cameras & Drones,126.41,2023-07-13 01:14:00
82ff3502-cede-443d-b473-c287aeb6be9c,Cameras & Drones,599.97,2023-10-04 14:45:29
78a5a19a-40a7-4f03-b206-759c2d70301c,Laptops & Computers,1981.49,2023-11-13 12:56:15
7688dac3-8865-4ccb-8a6c-31b84bddc0a2,Wearable Technology,537.53,2023-05-01 05:59:59
dc8ebefa-286c-42a4-bee3-178bec9c8e65,Cameras & Drones,515.26,2023-01-08 19:38:30
9dfb8af5-3b93-4335-9665-f9146facb59b,Smart Home Devices,514.56,2023-05-16 15:41:17
fff5a8c9-9308-4c1f-bf90-273344ed88ae,Smart Home Devices,1035.24,2023-11-02 11:13:51
4d5ed89c-1407-49c1-b1ed-8f71a5dfbbf2,Cameras & Drones,1796.27,2023-11-14 14:35:28
4f6e57d9-e5b4-4fdc-bc04-a9d401b347f1,Audio & Headphones,1919.16,2023-06-18 16:10:58
584c7ca3-e27d-4638-91e5-4f21464f0267,Smart Home Devices,672.66,2023-08-25 02:19:57
3cd70ee0-82a8-4b0c-a3f1-0ef5c0171f2a,Audio & Headphones,1168.2,2023-12-06 21:06:54
8f31633d-2580-4d97-b7a2-68d3c12d2181,Cameras & Drones,228.82,2023-02-13 16:00:11
42b86a32-1b7b-4ae9-857c-85b6434424ad,Audio & Headphones,1361.41,2023-04-29 00:54:59
72b4e924-fac7-40f1-8a76-0714595eb65c,Smart Home Devices,271.26,2023-03-03 17:17:40
7a8ab948-6473-4bec-a81e-1ab5c686063b,Wearable Technology,162.24,2023-05-12 22:12:46
738465dd-2523-49ee-b87c-944991d29530,Laptops & Computers,1781.02,2023-12-23 04:11:22
2623f992-9503-4691-bf59-081a429dc7cf,Wearable Technology,1938.87,2023-01-27 08:19:20
910e3f9d-b109-4449-8e73-89de3f8045a4,Wearable Technology,1255.53,2023-05-07 10:13:57
8ce84edf-3679-44e3-99cc-0b37fa1362ef,Cameras & Drones,484.02,2023-10-27 14:00:40
2d6cac83-84c7-4bfb-8d8e-712a2f1da868,Laptops & Computers,1427.17,2023-06-10 06:07:00
c712036b-82c9-4c34-8e04-0943e3419e0e,Cameras & Drones,504.79,2023-06-08 02:23:03
a28e75f3-077c-4986-ba23-3fa3069ab770,Audio & Headphones,511.54,2023-03-13 18:24:06
4d5ed89c-1407-49c1-b1ed-8f71a5dfbbf2,Cameras & Drones,1519.09,2023-03-04 14:44:21
2999fa18-62f9-410b-a6fa-1328de467c31,Laptops & Computers,1565.44,2023-07-04 18:15:17
43b460c5-bd40-4438-9ee4-059c2ba4817f,Laptops & Computers,535.01,2023-04-16 18:14:42
43b460c5-bd40-4438-9ee4-059c2ba4817f,Laptops & Computers,544.68,2023-12-03 06:28:01
9d9dcc14-58d8-4ec7-8841-714017eb847f,Wearable Technology,1494.9,2023-03-20 00:54:31
9092eb83-cc33-4ebe-86a5-3ce6e238464e,Smart Home Devices,1501.21,2023-03-09 04:54:26
5048e2ff-d8a2-43e3-babc-2562dcac2462,Audio & Headphones,1926.24,2023-02-27 06:51:39
42b86a32-1b7b-4ae9-857c-85b6434424ad,Smart Home Devices,486.01,2023-04-24 14:09:09
2772f0af-cf88-41f3-b523-29014dc0932a,Audio & Headphones,1956.91,2023-03-07 11:53:16
9092eb83-cc33-4ebe-86a5-3ce6e238464e,Cameras & Drones,134.63,2023-05-18 14:44:36
2623f992-9503-4691-bf59-081a429dc7cf,Audio & Headphones,193.9,2023-12-13 22:36:18
3a1df998-4058-4bf2-9b66-d9283d2e7e04,Audio & Headphones,197.1,2023-04-18 00:32:46
ed9d63bc-1cce-45d5-b524-cf3b15a884f3,Smart Home Devices,1273.74,2023-11-04 16:08:21
4102a38b-b2dd-4ae0-a720-97ddcaed80fd,Smart Home Devices,1834.75,2023-10-05 06:06:01
a6e5a887-0542-4288-9237-3820c2d361ea,Audio & Headphones,258.17,2023-07-16 00:59:51
9d9dcc14-58d8-4ec7-8841-714017eb847f,Audio & Headphones,954.21,2023-03-30 23:14:01
ef29dbb5-7e60-4a15-81f7-a10e6d6d7d47,Wearable Technology,568.58,2023-02-18 05:21:40
b379e05a-69cb-4f42-b58b-c0e8aa1893a4,Audio & Headphones,1973.11,2023-05-22 15:15:01
809a42fc-0d46-43c0-8008-affafc93f703,Smart Home Devices,595.54,2023-09-04 09:35:48
e2b0f488-84ad-4e19-89e0-32dc2f9a66ad,Cameras & Drones,1385.23,2023-11-13 12:03:40
9dfb8af5-3b93-4335-9665-f9146facb59b,Laptops & Computers,1653.95,2023-08-12 01:41:37
de7640d4-d913-49d2-b11e-4faeea2f194d,Smart Home Devices,865.57,2023-06-01 04:01:59
f188e66b-eeaf-4459-bc1f-a89f1ef4a6fc,Wearable Technology,1125.6,2023-02-08 08:44:52
54de3178-6370-4b7f-b47b-7c33c06f99cb,Smart Home Devices,986.72,2023-02-15 06:55:42
ed9d63bc-1cce-45d5-b524-cf3b15a884f3,Laptops & Computers,1208.55,2023-10-20 20:04:14
4d5ed89c-1407-49c1-b1ed-8f71a5dfbbf2,Laptops & Computers,1692.13,2023-04-29 20:49:16
54de3178-6370-4b7f-b47b-7c33c06f99cb,Wearable Technology,121.8,2023-02-21 16:19:10
2ef4022e-09dd-4288-b797-c3b955abc88d,Cameras & Drones,159.93,2023-09-23 19:39:49
9d9dcc14-58d8-4ec7-8841-714017eb847f,Smart Home Devices,1091.98,2023-08-10 04:15:33
4102a38b-b2dd-4ae0-a720-97ddcaed80fd,Cameras & Drones,1191.04,2023-12-28 04:20:52
910e3f9d-b109-4449-8e73-89de3f8045a4,Wearable Technology,786.81,2023-11-30 13:08:36
bb2b7e3b-3fdb-414a-9937-85084db44b7d,Smart Home Devices,301.86,2023-02-16 00:47:46
9827324c-fcb2-41d2-81a9-1ce46ec12acc,Cameras & Drones,454.09,2023-06-10 02:24:00
d6b51279-ada8-4d23-843f-3008bb331ba6,Wearable Technology,748.42,2023-07-27 22:01:43
43b460c5-bd40-4438-9ee4-059c2ba4817f,Wearable Technology,1021.42,2023-11-29 17:31:33
4102a38b-b2dd-4ae0-a720-97ddcaed80fd,Laptops & Computers,650.17,2023-07-13 03:51:28
59854f28-27a9-4094-b54d-38e96c38ee2c,Audio & Headphones,1143.83,2023-03-24 04:49:33
0e9d8a8f-275a-4b03-ae1e-d90eb746cf97,Smart Home Devices,311.33,2023-09-23 17:02:38
c626efad-649b-4bab-b36e-243d7d72e812,Cameras & Drones,1259.6,2023-02-17 11:04:33
2623f992-9503-4691-bf59-081a429dc7cf,Laptops & Computers,1811.14,2023-01-04 18:55:59
dd7e0c6b-a950-4e6d-a9e7-ce15bd83505f,Wearable Technology,1200.34,2023-03-22 11:35:57
060ebd83-2295-4efe-ad9a-0767167b9108,Laptops & Computers,227.45,2023-08-12 23:13:55
cde82318-5071-4128-973e-bf1551046e2f,Smart Home Devices,1578.12,2023-10-22 04:11:39
f188e66b-eeaf-4459-bc1f-a89f1ef4a6fc,Wearable Technology,1731.61,2023-07-29 04:28:52
c712036b-82c9-4c34-8e04-0943e3419e0e,Audio & Headphones,945.73,2023-11-02 21:54:24
910e3f9d-b109-4449-8e73-89de3f8045a4,Smart Home Devices,553.58,2023-10-26 19:07:03
de7640d4-d913-49d2-b11e-4faeea2f194d,Wearable Technology,1260.57,2023-07-02 02:36:49
5048e2ff-d8a2-43e3-babc-2562dcac2462,Laptops & Computers,1180.32,2023-10-07 15:44:10
c626efad-649b-4bab-b36e-243d7d72e812,Laptops & Computers,320.71,2023-01-13 09:57:27
6712258b-44e8-4f66-bf5e-334a8b4dafa9,Audio & Headphones,724.05,2023-11-03 09:13:38
a6e5a887-0542-4288-9237-3820c2d361ea,Laptops & Computers,1054.71,2023-08-05 18:06:23
2d6cac83-84c7-4bfb-8d8e-712a2f1da868,Cameras & Drones,424.96,2023-03-31 18:46:42
82ff3502-cede-443d-b473-c287aeb6be9c,Cameras & Drones,722.91,2023-07-12 08:09:13
9092eb83-cc33-4ebe-86a5-3ce6e238464e,Cameras & Drones,1119.99,2023-06-07 18:08:04
1782ab34-5efb-4fe1-ae9a-7bebecf3fb08,Wearable Technology,1793.72,2023-07-06 08:00:48
bb2b7e3b-3fdb-414a-9937-85084db44b7d,Wearable Technology,1396.27,2023-01-13 09:50:00
3671c554-b023-49f8-9791-526e5b273996,Smart Home Devices,988.23,2023-01-15 03:41:09
67100d8a-89fa-48a8-b8b9-391a7c7ebfa3,Laptops & Computers,1845.7,2023-11-14 16:07:24
b4670331-3270-42a6-a1cd-d38ff9252a9a,Wearable Technology,1743.19,2023-11-14 17:57:27
71b9e095-fe3f-41c0-a5c9-2fdf98e482c5,Cameras & Drones,1973.2,2023-09-23 11:38:22
67100d8a-89fa-48a8-b8b9-391a7c7ebfa3,Wearable Technology,1531.91,2023-01-01 18:47:41
82dac42b-c29a-4c51-b279-faa63e0ab945,Wearable Technology,1507.57,2023-09-28 02:03:57
128c18e9-0891-450f-91f6-95aee87873c5,Laptops & Computers,1441.03,2023-08-16 18:20:30
c626efad-649b-4bab-b36e-243d7d72e812,Laptops & Computers,1087.62,2023-10-06 20:24:12
bd5f5ffe-c21f-49e1-849a-15e3622cb37a,Wearable Technology,740.59,2023-11-22 01:08:02
85682426-1d4b-4e94-9750-5e5722a8e81e,Smart Home Devices,1487.94,2023-05-10 01:36:27
910e3f9d-b109-4449-8e73-89de3f8045a4,Smart Home Devices,1689.38,2023-06-12 09:28:53
51cf495a-88a9-4f1f-821a-f0aa2ea9cd9f,Audio & Headphones,504.77,2023-12-14 10:38:04
e2b0f488-84ad-4e19-89e0-32dc2f9a66ad,Smart Home Devices,1374.25,2023-01-06 09:43:30
bd5f5ffe-c21f-49e1-849a-15e3622cb37a,Audio & Headphones,1097.36,2023-02-14 22:03:13
4f5b0c95-1cdf-4b41-b3a8-8c9760610ff1,Smart Home Devices,1150.69,2023-07-07 12:55:05
b379e05a-69cb-4f42-b58b-c0e8aa1893a4,Cameras & Drones,758.01,2023-09-21 01:53:29
b458c0c9-2324-481d-acee-25385cd213e7,Wearable Technology,526.49,2023-10-29 06:05:46
e3d4d9d6-9b20-4517-882b-aa25c70e220b,Cameras & Drones,1870.7,2023-01-11 22:26:29
82ff3502-cede-443d-b473-c287aeb6be9c,Audio & Headphones,1709.09,2023-04-07 22:35:41
96661989-b117-4b8a-b1b4-ba138e48bf0a,Smart Home Devices,206.46,2023-02-23 09:12:18
2999fa18-62f9-410b-a6fa-1328de467c31,Cameras & Drones,1965.64,2023-05-13 10:09:34
cad5479c-e5a7-42b3-a960-55697da06c16,Wearable Technology,1173.2,2023-06-15 16:33:14
6712258b-44e8-4f66-bf5e-334a8b4dafa9,Smart Home Devices,1006.96,2023-07-26 02:28:53
636c0561-d2c0-488d-acfa-0f28da669fe3,Smart Home Devices,1450.99,2023-07-08 05:44:42
4f5b0c95-1cdf-4b41-b3a8-8c9760610ff1,Wearable Technology,595.96,2023-07-12 06:37:31
738465dd-2523-49ee-b87c-944991d29530,Wearable Technology,681.17,2023-06-27 00:57:54
e2b0f488-84ad-4e19-89e0-32dc2f9a66ad,Smart Home Devices,1485.68,2023-11-15 06:30:35
621bcf38-62af-4883-bf19-8ba8b3efbb10,Smart Home Devices,1240.71,2023-03-09 05:48:21
c7567d86-3be6-4715-90e6-ce3ab0a19159,Laptops & Computers,1867.43,2023-01-17 09:20:12
4102a38b-b2dd-4ae0-a720-97ddcaed80fd,Smart Home Devices,770.0,2023-02-26 19:37:27
4253afbd-25c8-45ce-b130-e1a401f49bb8,Cameras & Drones,173.58,2023-10-05 15:26:35
864975dd-8f01-4c0d-a5f9-a7f3c6d4eca8,Cameras & Drones,1384.91,2023-04-06 23:18:43
a28e75f3-077c-4986-ba23-3fa3069ab770,Cameras & Drones,55.29,2023-12-30 22:22:00
2623f992-9503-4691-bf59-081a429dc7cf,Laptops & Computers,730.29,2023-12-13 20:25:40
96661989-b117-4b8a-b1b4-ba138e48bf0a,Audio & Headphones,1931.8,2023-12-20 10:13:33
2623f992-9503-4691-bf59-081a429dc7cf,Smart Home Devices,449.75,2023-07-30 04:53:54
afa89c40-47ed-413b-8a16-4acc71f1f35c,Smart Home Devices,1495.19,2023-07-26 19:48:37
ef29dbb5-7e60-4a15-81f7-a10e6d6d7d47,Cameras & Drones,322.56,2023-11-05 10:37:28
f21fc298-118d-46bb-97a9-0b72051d63f8,Audio & Headphones,369.13,2023-01-11 02:32:52
c7567d86-3be6-4715-90e6-ce3ab0a19159,Cameras & Drones,509.6,2023-02-17 00:41:49
3671c554-b023-49f8-9791-526e5b273996,Audio & Headphones,666.58,2023-04-28 18:32:09
4d5ed89c-1407-49c1-b1ed-8f71a5dfbbf2,Wearable Technology,1642.37,2023-03-23 06:31:02
f21fc298-118d-46bb-97a9-0b72051d63f8,Laptops & Computers,1267.0,2023-02-05 17:16:16
c626efad-649b-4bab-b36e-243d7d72e812,Smart Home Devices,502.81,2023-02-26 12:34:40
8d7679a2-7bf9-4b42-9518-db4a201242a5,Cameras & Drones,1817.62,2023-12-17 11:34:10
43b460c5-bd40-4438-9ee4-059c2ba4817f,Laptops & Computers,891.48,2023-08-22 04:19:14
8ce84edf-3679-44e3-99cc-0b37fa1362ef,Laptops & Computers,703.07,2023-11-18 02:34:39
85682426-1d4b-4e94-9750-5e5722a8e81e,Cameras & Drones,1016.08,2023-12-19 05:49:17
8186e1b6-29ab-4141-8a64-e60b8eddd0e7,Audio & Headphones,1995.5,2023-04-30 11:02:16
2ac088a8-e6c8-43a6-90f4-34d295ec7d48,Cameras & Drones,534.55,2023-03-29 10:19:34
54de3178-6370-4b7f-b47b-7c33c06f99cb,Audio & Headphones,1161.28,2023-08-19 23:06:49
738465dd-2523-49ee-b87c-944991d29530,Laptops & Computers,1521.54,2023-03-09 06:49:25
cde82318-5071-4128-973e-bf1551046e2f,Cameras & Drones,265.73,2023-05-15 07:57:23
82dac42b-c29a-4c51-b279-faa63e0ab945,Audio & Headphones,824.71,2023-01-21 21:31:08
4f5b0c95-1cdf-4b41-b3a8-8c9760610ff1,Cameras & Drones,998.4,2023-05-15 11:23:47
584c7ca3-e27d-4638-91e5-4f21464f0267,Cameras & Drones,1454.07,2023-01-26 23:31:42
7688dac3-8865-4ccb-8a6c-31b84bddc0a2,Audio & Headphones,1446.55,2023-09-20 10:31:54
de7640d4-d913-49d2-b11e-4faeea2f194d,Audio & Headphones,404.12,2023-04-20 09:22:17
cde82318-5071-4128-973e-bf1551046e2f,Wearable Technology,1897.2,2023-09-02 06:30:35
51cf495a-88a9-4f1f-821a-f0aa2ea9cd9f,Cameras & Drones,321.28,2023-12-17 04:32:17
4d5ed89c-1407-49c1-b1ed-8f71a5dfbbf2,Smart Home Devices,85.31,2023-09-03 09:22:03
cdb0889d-cb61-494a-a86e-bf2c374bbd60,Audio & Headphones,249.31,2023-08-22 01:01:35
69cc03bc-9341-4528-a984-279baadf6782,Cameras & Drones,1848.87,2023-07-24 11:45:11
9d9dcc14-58d8-4ec7-8841-714017eb847f,Wearable Technology,184.4,2023-12-15 09:32:34
c712036b-82c9-4c34-8e04-0943e3419e0e,Smart Home Devices,1854.86,2023-10-02 17:49:10
2ef4022e-09dd-4288-b797-c3b955abc88d,Cameras & Drones,1970.44,2023-05-28 04:07:09
7688dac3-8865-4ccb-8a6c-31b84bddc0a2,Smart Home Devices,697.69,2023-12-02 21:08:05
35b20a2b-ff7a-42d5-af13-c6b168955e59,Laptops & Computers,1202.99,2023-01-29 02:19:00
621bcf38-62af-4883-bf19-8ba8b3efbb10,Smart Home Devices,1501.29,2023-05-03 00:41:45
cfdcec60-ca4f-47eb-aff2-fccdd0107ad1,Smart Home Devices,59.03,2023-09-25 03:38:16
afa89c40-47ed-413b-8a16-4acc71f1f35c,Audio & Headphones,1097.92,2023-10-15 23:27:06
cde82318-5071-4128-973e-bf1551046e2f,Wearable Technology,958.12,2023-08-01 11:39:06
6394c9d2-dd6c-4fbc-a30b-f475fb7caa97,Laptops & Computers,931.82,2023-10-19 01:04:42
128c18e9-0891-450f-91f6-95aee87873c5,Audio & Headphones,1829.86,2023-10-28 04:44:37
dc8ebefa-286c-42a4-bee3-178bec9c8e65,Smart Home Devices,1021.82,2023-08-30 17:43:33
82dac42b-c29a-4c51-b279-faa63e0ab945,Smart Home Devices,756.67,2023-05-03 10:53:50
626a2cff-0c42-47dc-bc15-67d1304cb94c,Wearable Technology,75.53,2023-12-29 06:10:28
ed9d63bc-1cce-45d5-b524-cf3b15a884f3,Smart Home Devices,1924.09,2023-01-12 04:42:24
7e3fd836-4315-4747-ad8f-87ed725b1e59,Audio & Headphones,1093.39,2023-08-26 09:14:15
ed9d63bc-1cce-45d5-b524-cf3b15a884f3,Smart Home Devices,654.38,2023-11-29 17:11:57
7e34f554-27fc-49a9-b02d-24bd7358a3ca,Laptops & Computers,459.32,2023-10-08 05:12:29
d6b51279-ada8-4d23-843f-3008bb331ba6,Cameras & Drones,1268.7,2023-05-16 12:11:08
f188e66b-eeaf-4459-bc1f-a89f1ef4a6fc,Laptops & Computers,178.13,2023-04-14 21:36:13
621bcf38-62af-4883-bf19-8ba8b3efbb10,Wearable Technology,1072.56,2023-06-12 04:36:43
5993ffa6-ca2c-4dc1-8844-068c100dab88,Laptops & Computers,352.72,2023-04-22 09:10:24
4f5b0c95-1cdf-4b41-b3a8-8c9760610ff1,Cameras & Drones,197.23,2023-06-11 08:53:22
d6b51279-ada8-4d23-843f-3008bb331ba6,Wearable Technology,577.95,2023-06-17 17:59:09
6394c9d2-dd6c-4fbc-a30b-f475fb7caa97,Audio & Headphones,1611.46,2023-04-28 18:15:18
9d9dcc14-58d8-4ec7-8841-714017eb847f,Wearable Technology,1740.64,2023-03-28 05:20:07
a28e75f3-077c-4986-ba23-3fa3069ab770,Smart Home Devices,482.85,2023-08-13 07:23:03
7e34f554-27fc-49a9-b02d-24bd7358a3ca,Laptops & Computers,1035.74,2023-03-06 13:44:39
59854f28-27a9-4094-b54d-38e96c38ee2c,Smart Home Devices,1609.84,2023-11-28 13:12:34
636c0561-d2c0-488d-acfa-0f28da669fe3,Smart Home Devices,1135.61,2023-04-13 13:22:15
6394c9d2-dd6c-4fbc-a30b-f475fb7caa97,Laptops & Computers,524.19,2023-06-24 19:51:41
d6b51279-ada8-4d23-843f-3008bb331ba6,Laptops & Computers,1927.17,2023-12-10 11:37:23
c7567d86-3be6-4715-90e6-ce3ab0a19159,Cameras & Drones,842.47,2023-07-02 19:29:58
25f38215-95e3-4138-ab1e-55485f7172cb,Wearable Technology,75.35,2023-03-18 00:53:52
c626efad-649b-4bab-b36e-243d7d72e812,Cameras & Drones,101.74,2023-03-28 21:22:04
3a1df998-4058-4bf2-9b66-d9283d2e7e04,Audio & Headphones,1303.7,2023-02-10 19:38:57
864975dd-8f01-4c0d-a5f9-a7f3c6d4eca8,Smart Home Devices,1644.01,2023-10-20 06:56:19
6db145c3-59c8-4e8d-9c6b-784ea773b8e3,Wearable Technology,1658.96,2023-07-03 03:25:54
7e34f554-27fc-49a9-b02d-24bd7358a3ca,Audio & Headphones,1669.78,2023-03-13 16:32:36
cde82318-5071-4128-973e-bf1551046e2f,Smart Home Devices,900.45,2023-09-26 14:20:27
71b9e095-fe3f-41c0-a5c9-2fdf98e482c5,Audio & Headphones,1950.37,2023-11-11 05:34:35
dc8ebefa-286c-42a4-bee3-178bec9c8e65,Smart Home Devices,1743.51,2023-06-01 22:11:03
128c18e9-0891-450f-91f6-95aee87873c5,Smart Home Devices,995.32,2023-08-19 21:53:20
f21fc298-118d-46bb-97a9-0b72051d63f8,Smart Home Devices,1106.19,2023-02-03 02:14:04
42b86a32-1b7b-4ae9-857c-85b6434424ad,Smart Home Devices,321.74,2023-12-05 06:57:46
6712258b-44e8-4f66-bf5e-334a8b4dafa9,Wearable Technology,1075.1,2023-07-05 00:20:49
7e34f554-27fc-49a9-b02d-24bd7358a3ca,Cameras & Drones,85.86,2023-01-12 17:55:29
a35209ea-961d-4d04-9054-c336851054d9,Wearable Technology,1174.21,2023-01-31 16:58:13
6394c9d2-dd6c-4fbc-a30b-f475fb7caa97,Smart Home Devices,840.23,2023-09-20 08:10:13
584c7ca3-e27d-4638-91e5-4f21464f0267,Cameras & Drones,71.44,2023-07-22 11:26:12
8186e1b6-29ab-4141-8a64-e60b8eddd0e7,Smart Home Devices,569.67,2023-10-07 11:24:10
0ce52a75-bcbc-4d13-91e8-bb20684a95b3,Wearable Technology,1221.01,2023-02-18 10:14:16
72b4e924-fac7-40f1-8a76-0714595eb65c,Wearable Technology,1833.1,2023-08-23 00:53:45
a35209ea-961d-4d04-9054-c336851054d9,Audio & Headphones,1553.28,2023-01-09 00:09:17
b458c0c9-2324-481d-acee-25385cd213e7,Wearable Technology,374.25,2023-07-01 20:54:02
a28e75f3-077c-4986-ba23-3fa3069ab770,Laptops & Computers,226.16,2023-09-24 11:50:10
3671c554-b023-49f8-9791-526e5b273996,Cameras & Drones,809.13,2023-07-24 07:40:47
7688dac3-8865-4ccb-8a6c-31b84bddc0a2,Smart Home Devices,1456.99,2023-02-21 04:26:15
71b9e095-fe3f-41c0-a5c9-2fdf98e482c5,Wearable Technology,823.47,2023-02-17 19:37:59
626a2cff-0c42-47dc-bc15-67d1304cb94c,Cameras & Drones,993.32,2023-08-02 01:40:09
7688dac3-8865-4ccb-8a6c-31b84bddc0a2,Audio & Headphones,365.93,2023-10-05 23:42:43
b4670331-3270-42a6-a1cd-d38ff9252a9a,Laptops & Computers,1213.84,2023-11-01 04:06:57
78a5a19a-40a7-4f03-b206-759c2d70301c,Wearable Technology,974.76,2023-02-01 12:04:24
78a5a19a-40a7-4f03-b206-759c2d70301c,Smart Home Devices,854.95,2023-03-31 12:08:28
cdb0889d-cb61-494a-a86e-bf2c374bbd60,Wearable Technology,946.38,2023-10-07 10:00:02
4102a38b-b2dd-4ae0-a720-97ddcaed80fd,Wearable Technology,1608.86,2023-12-24 17:43:07
636c0561-d2c0-488d-acfa-0f28da669fe3,Wearable Technology,251.03,2023-04-15 05:17:24
e627b5da-652f-408f-99ff-ce6f07e31432,Laptops & Computers,1838.76,2023-07-19 03:30:04
fff5a8c9-9308-4c1f-bf90-273344ed88ae,Wearable Technology,1396.59,2023-10-10 03:20:16
621bcf38-62af-4883-bf19-8ba8b3efbb10,Audio & Headphones,1106.71,2023-10-14 05:57:43
65589d92-c8a7-4007-aaf8-a7df7b0b0ab9,Cameras & Drones,1530.12,2023-09-24 02:45:56
aad07a7e-170c-45c5-8d78-e5e4fbb26f8c,Smart Home Devices,1811.56,2023-10-28 05:54:19
85682426-1d4b-4e94-9750-5e5722a8e81e,Laptops & Computers,1975.95,2023-11-23 01:35:40
3671c554-b023-49f8-9791-526e5b273996,Wearable Technology,1197.11,2023-12-23 05:22:24
c626efad-649b-4bab-b36e-243d7d72e812,Wearable Technology,1157.49,2023-03-12 21:02:49
8ce84edf-3679-44e3-99cc-0b37fa1362ef,Cameras & Drones,1475.5,2023-09-11 11:22:26
25f38215-95e3-4138-ab1e-55485f7172cb,Wearable Technology,872.44,2023-11-09 03:32:44
5278a2e7-bc23-49e9-952c-b1718c9daad1,Audio & Headphones,1696.87,2023-11-25 02:40:17
128c18e9-0891-450f-91f6-95aee87873c5,Wearable Technology,1306.87,2023-03-27 23:47:25
2999fa18-62f9-410b-a6fa-1328de467c31,Laptops & Computers,1143.32,2023-08-12 15:58:36
dd7e0c6b-a950-4e6d-a9e7-ce15bd83505f,Laptops & Computers,1407.76,2023-07-15 17:34:31
51cf495a-88a9-4f1f-821a-f0aa2ea9cd9f,Audio & Headphones,1166.23,2023-12-20 00:59:35
6712258b-44e8-4f66-bf5e-334a8b4dafa9,Cameras & Drones,1340.23,2023-06-23 00:42:52
5278a2e7-bc23-49e9-952c-b1718c9daad1,Smart Home Devices,1777.66,2023-11-19 12:42:17
8d7679a2-7bf9-4b42-9518-db4a201242a5,Laptops & Computers,1746.69,2023-10-08 14:03:09
9dfb8af5-3b93-4335-9665-f9146facb59b,Cameras & Drones,798.73,2023-05-25 06:42:39
71b9e095-fe3f-41c0-a5c9-2fdf98e482c5,Laptops & Computers,1995.97,2023-12-13 01:46:27
c712036b-82c9-4c34-8e04-0943e3419e0e,Smart Home Devices,833.77,2023-06-14 16:42:28
0e9d8a8f-275a-4b03-ae1e-d90eb746cf97,Audio & Headphones,1968.96,2023-05-12 15:40:57
f188e66b-eeaf-4459-bc1f-a89f1ef4a6fc,Smart Home Devices,705.92,2023-12-09 17:05:23
738465dd-2523-49ee-b87c-944991d29530,Smart Home Devices,515.62,2023-02-24 15:17:22
9827324c-fcb2-41d2-81a9-1ce46ec12acc,Wearable Technology,627.8,2023-12-17 05:18:53
c7567d86-3be6-4715-90e6-ce3ab0a19159,Smart Home Devices,590.67,2023-07-23 06:29:08
060ebd83-2295-4efe-ad9a-0767167b9108,Smart Home Devices,263.46,2023-02-19 23:10:48
82dac42b-c29a-4c51-b279-faa63e0ab945,Audio & Headphones,475.6,2023-08-20 02:05:45
c7567d86-3be6-4715-90e6-ce3ab0a19159,Cameras & Drones,555.02,2023-05-11 01:52:59
e3d4d9d6-9b20-4517-882b-aa25c70e220b,Laptops & Computers,1812.26,2023-08-28 02:26:41
42b86a32-1b7b-4ae9-857c-85b6434424ad,Audio & Headphones,176.72,2023-06-06 05:25:27
7e3fd836-4315-4747-ad8f-87ed725b1e59,Cameras & Drones,1316.81,2023-11-03 22:13:08
910e3f9d-b109-4449-8e73-89de3f8045a4,Laptops & Computers,394.23,2023-03-28 07:23:05
b379e05a-69cb-4f42-b58b-c0e8aa1893a4,Smart Home Devices,1916.68,2023-10-20 22:51:35
cad5479c-e5a7-42b3-a960-55697da06c16,Cameras & Drones,162.79,2023-01-18 12:42:22
7e34f554-27fc-49a9-b02d-24bd7358a3ca,Smart Home Devices,1060.61,2023-06-25 04:22:43
9092eb83-cc33-4ebe-86a5-3ce6e238464e,Laptops & Computers,822.67,2023-01-22 04:12:33
5278a2e7-bc23-49e9-952c-b1718c9daad1,Smart Home Devices,350.1,2023-06-15 16:34:39
71b9e095-fe3f-41c0-a5c9-2fdf98e482c5,Cameras & Drones,486.44,2023-10-12 13:30:22
4d5ed89c-1407-49c1-b1ed-8f71a5dfbbf2,Smart Home Devices,1795.1,2023-02-07 08:57:08
dd7e0c6b-a950-4e6d-a9e7-ce15bd83505f,Laptops & Computers,1761.05,2023-08-13 10:30:51
c712036b-82c9-4c34-8e04-0943e3419e0e,Smart Home Devices,136.53,2023-02-01 08:50:41
584c7ca3-e27d-4638-91e5-4f21464f0267,Wearable Technology,1628.56,2023-12-05 06:03:19
42b86a32-1b7b-4ae9-857c-85b6434424ad,Cameras & Drones,1483.66,2023-01-08 00:10:09
82dac42b-c29a-4c51-b279-faa63e0ab945,Audio & Headphones,776.74,2023-04-07 12:02:15
738465dd-2523-49ee-b87c-944991d29530,Wearable Technology,1088.57,2023-02-28 21:07:48
ef29dbb5-7e60-4a15-81f7-a10e6d6d7d47,Cameras & Drones,1794.24,2023-12-19 23:01:32
b4670331-3270-42a6-a1cd-d38ff9252a9a,Wearable Technology,1015.54,2023-07-20 00:54:55
96661989-b117-4b8a-b1b4-ba138e48bf0a,Cameras & Drones,1817.7,2023-02-20 00:43:46
67100d8a-89fa-48a8-b8b9-391a7c7ebfa3,Wearable Technology,1110.37,2023-09-12 09:52:12
54de3178-6370-4b7f-b47b-7c33c06f99cb,Laptops & Computers,1742.91,2023-06-04 00:05:47
2ac088a8-e6c8-43a6-90f4-34d295ec7d48,Laptops & Computers,1741.22,2023-09-18 09:08:56
9dfb8af5-3b93-4335-9665-f9146facb59b,Laptops & Computers,515.45,2023-01-21 00:37:08
7a8ab948-6473-4bec-a81e-1ab5c686063b,Audio & Headphones,1256.29,2023-05-16 01:04:37
ef29dbb5-7e60-4a15-81f7-a10e6d6d7d47,Cameras & Drones,1767.7,2023-08-20 10:51:37
2999fa18-62f9-410b-a6fa-1328de467c31,Wearable Technology,301.3,2023-12-14 15:59:38
72b4e924-fac7-40f1-8a76-0714595eb65c,Wearable Technology,1645.04,2023-07-19 07:07:57
5048e2ff-d8a2-43e3-babc-2562dcac2462,Cameras & Drones,554.44,2023-10-08 00:16:01
a6e5a887-0542-4288-9237-3820c2d361ea,Cameras & Drones,1253.01,2023-08-18 20:15:44
fff5a8c9-9308-4c1f-bf90-273344ed88ae,Wearable Technology,1286.31,2023-02-15 21:02:15
afa89c40-47ed-413b-8a16-4acc71f1f35c,Laptops & Computers,1534.0,2023-04-20 13:34:01
a6e5a887-0542-4288-9237-3820c2d361ea,Wearable Technology,716.65,2023-04-27 08:27:09
c7567d86-3be6-4715-90e6-ce3ab0a19159,Cameras & Drones,1588.17,2023-04-04 09:06:27
a6e5a887-0542-4288-9237-3820c2d361ea,Audio & Headphones,182.28,2023-07-23 05:51:22
b458c0c9-2324-481d-acee-25385cd213e7,Smart Home Devices,1553.42,2023-09-28 18:31:44
4253afbd-25c8-45ce-b130-e1a401f49bb8,Smart Home Devices,162.94,2023-08-06 19:50:15
5278a2e7-bc23-49e9-952c-b1718c9daad1,Wearable Technology,1980.79,2023-07-27 15:39:26
c712036b-82c9-4c34-8e04-0943e3419e0e,Audio & Headphones,1511.82,2023-09-10 20:06:58
cfdcec60-ca4f-47eb-aff2-fccdd0107ad1,Cameras & Drones,798.04,2023-06-05 09:38:36
6db145c3-59c8-4e8d-9c6b-784ea773b8e3,Smart Home Devices,681.04,2023-08-01 04:08:46
d6b51279-ada8-4d23-843f-3008bb331ba6,Laptops & Computers,542.39,2023-02-21 04:13:10
3671c554-b023-49f8-9791-526e5b273996,Wearable Technology,583.57,2023-09-03 10:04:12
6712258b-44e8-4f66-bf5e-334a8b4dafa9,Smart Home Devices,249.28,2023-05-12 14:19:20
43b460c5-bd40-4438-9ee4-059c2ba4817f,Cameras & Drones,1402.68,2023-04-11 09:29:23
d6b51279-ada8-4d23-843f-3008bb331ba6,Wearable Technology,1557.0,2023-06-23 13:08:35
626a2cff-0c42-47dc-bc15-67d1304cb94c,Laptops & Computers,582.86,2023-10-03 22:40:16
67100d8a-89fa-48a8-b8b9-391a7c7ebfa3,Audio & Headphones,1475.98,2023-06-12 18:38:38
aad07a7e-170c-45c5-8d78-e5e4fbb26f8c,Cameras & Drones,1295.13,2023-12-13 10:48:37
3a1df998-4058-4bf2-9b66-d9283d2e7e04,Smart Home Devices,912.48,2023-12-28 02:52:42
2ef4022e-09dd-4288-b797-c3b955abc88d,Wearable Technology,1793.49,2023-06-18 14:56:14
6394c9d2-dd6c-4fbc-a30b-f475fb7caa97,Cameras & Drones,440.7,2023-02-16 11:52:16
42b86a32-1b7b-4ae9-857c-85b6434424ad,Audio & Headphones,1147.36,2023-05-19 07:36:11
aad07a7e-170c-45c5-8d78-e5e4fbb26f8c,Laptops & Computers,1937.98,2023-10-18 05:01:33
4d5ed89c-1407-49c1-b1ed-8f71a5dfbbf2,Smart Home Devices,227.77,2023-09-17 12:20:23
060ebd83-2295-4efe-ad9a-0767167b9108,Laptops & Computers,1697.33,2023-06-09 15:27:47
694663b2-7791-49a2-b1c6-8e325b6bf278,Laptops & Computers,1603.76,2023-09-11 19:04:11
72b4e924-fac7-40f1-8a76-0714595eb65c,Audio & Headphones,1936.65,2023-10-14 21:30:59
960bc8f9-aea7-4373-a6b4-ffce10a03683,Smart Home Devices,52.4,2023-08-16 12:53:26
fff5a8c9-9308-4c1f-bf90-273344ed88ae,Audio & Headphones,532.7,2023-07-05 04:18:16
cde82318-5071-4128-973e-bf1551046e2f,Smart Home Devices,363.61,2023-06-03 04:55:49
864975dd-8f01-4c0d-a5f9-a7f3c6d4eca8,Laptops & Computers,1969.49,2023-02-26 19:49:36
74c9ff66-5edf-4102-ac02-cca3fb58b2dc,Cameras & Drones,191.27,2023-04-03 21:16:47
5278a2e7-bc23-49e9-952c-b1718c9daad1,Laptops & Computers,1405.21,2023-02-07 03:40:16
b379e05a-69cb-4f42-b58b-c0e8aa1893a4,Laptops & Computers,986.99,2023-06-17 09:48:07
b379e05a-69cb-4f42-b58b-c0e8aa1893a4,Smart Home Devices,250.45,2023-01-30 10:17:17
d6b51279-ada8-4d23-843f-3008bb331ba6,Audio & Headphones,1419.81,2023-09-04 14:55:05
0ce52a75-bcbc-4d13-91e8-bb20684a95b3,Wearable Technology,686.6,2023-04-14 17:27:29
2ac088a8-e6c8-43a6-90f4-34d295ec7d48,Smart Home Devices,1770.94,2023-08-06 21:46:05
54de3178-6370-4b7f-b47b-7c33c06f99cb,Cameras & Drones,203.23,2023-11-10 02:08:21
8d7679a2-7bf9-4b42-9518-db4a201242a5,Wearable Technology,1394.46,2023-07-04 12:13:37
85682426-1d4b-4e94-9750-5e5722a8e81e,Wearable Technology,130.31,2023-11-11 07:35:07
ed9d63bc-1cce-45d5-b524-cf3b15a884f3,Laptops & Computers,292.23,2023-10-06 04:39:22
cad5479c-e5a7-42b3-a960-55697da06c16,Smart Home Devices,1875.61,2023-09-11 08:05:58
3cd70ee0-82a8-4b0c-a3f1-0ef5c0171f2a,Smart Home Devices,1432.67,2023-07-07 23:38:47
74c9ff66-5edf-4102-ac02-cca3fb58b2dc,Wearable Technology,1269.34,2023-04-19 00:09:55
96661989-b117-4b8a-b1b4-ba138e48bf0a,Laptops & Computers,994.58,2023-08-16 04:21:30
e2b0f488-84ad-4e19-89e0-32dc2f9a66ad,Audio & Headphones,1215.08,2023-05-09 09:06:29
3671c554-b023-49f8-9791-526e5b273996,Laptops & Computers,129.47,2023-09-07 21:28:09
f21fc298-118d-46bb-97a9-0b72051d63f8,Laptops & Computers,1463.41,2023-09-02 08:41:58
1782ab34-5efb-4fe1-ae9a-7bebecf3fb08,Cameras & Drones,984.59,2023-11-13 12:09:22
3a1df998-4058-4bf2-9b66-d9283d2e7e04,Audio & Headphones,1501.34,2023-08-19 22:02:04
72b4e924-fac7-40f1-8a76-0714595eb65c,Laptops & Computers,365.26,2023-09-18 06:57:09
bd5f5ffe-c21f-49e1-849a-15e3622cb37a,Laptops & Computers,495.49,2023-07-26 02:52:15
67100d8a-89fa-48a8-b8b9-391a7c7ebfa3,Smart Home Devices,1011.89,2023-06-19 02:08:27
910e3f9d-b109-4449-8e73-89de3f8045a4,Laptops & Computers,1376.45,2023-04-04 17:58:52
59854f28-27a9-4094-b54d-38e96c38ee2c,Smart Home Devices,1688.88,2023-04-26 05:52:48
5993ffa6-ca2c-4dc1-8844-068c100dab88,Cameras & Drones,1467.98,2023-01-26 19:13:00
dc8ebefa-286c-42a4-bee3-178bec9c8e65,Audio & Headphones,1276.09,2023-02-18 11:34:51
7e3fd836-4315-4747-ad8f-87ed725b1e59,Audio & Headphones,128.21,2023-11-04 09:02:42
a6e5a887-0542-4288-9237-3820c2d361ea,Smart Home Devices,905.3,2023-11-20 11:56:36
dd7e0c6b-a950-4e6d-a9e7-ce15bd83505f,Audio & Headphones,1753.18,2023-04-23 13:29:05
7688dac3-8865-4ccb-8a6c-31b84bddc0a2,Wearable Technology,1984.66,2023-05-10 11:19:21
1782ab34-5efb-4fe1-ae9a-7bebecf3fb08,Laptops & Computers,1264.78,2023-11-23 02:38:31
82ff3502-cede-443d-b473-c287aeb6be9c,Smart Home Devices,306.56,2023-08-31 22:58:15
4f6e57d9-e5b4-4fdc-bc04-a9d401b347f1,Wearable Technology,513.21,2023-05-12 11:43:09
864975dd-8f01-4c0d-a5f9-a7f3c6d4eca8,Cameras & Drones,1716.05,2023-01-05 11:47:56
b379e05a-69cb-4f42-b58b-c0e8aa1893a4,Audio & Headphones,839.79,2023-12-14 00:32:13
4d5ed89c-1407-49c1-b1ed-8f71a5dfbbf2,Audio & Headphones,1206.25,2023-12-28 14:03:49
fff5a8c9-9308-4c1f-bf90-273344ed88ae,Laptops & Computers,658.69,2023-01-31 05:54:35
8d7679a2-7bf9-4b42-9518-db4a201242a5,Laptops & Computers,1330.64,2023-08-31 11:09:50
a28e75f3-077c-4986-ba23-3fa3069ab770,Audio & Headphones,305.2,2023-02-23 05:48:28
c626efad-649b-4bab-b36e-243d7d72e812,Laptops & Computers,1773.23,2023-08-13 21:47:33
f21fc298-118d-46bb-97a9-0b72051d63f8,Wearable Technology,925.12,2023-09-22 20:25:47
5993ffa6-ca2c-4dc1-8844-068c100dab88,Smart Home Devices,890.23,2023-11-21 10:44:35
4f5b0c95-1cdf-4b41-b3a8-8c9760610ff1,Laptops & Computers,1899.74,2023-05-06 15:46:00
b458c0c9-2324-481d-acee-25385cd213e7,Audio & Headphones,789.75,2023-07-17 15:08:26
c7567d86-3be6-4715-90e6-ce3ab0a19159,Cameras & Drones,1090.35,2023-01-27 20:38:08
e627b5da-652f-408f-99ff-ce6f07e31432,Audio & Headphones,1735.22,2023-06-21 15:17:25
9092eb83-cc33-4ebe-86a5-3ce6e238464e,Audio & Headphones,576.01,2023-04-30 06:32:33
78a5a19a-40a7-4f03-b206-759c2d70301c,Cameras & Drones,1876.38,2023-01-14 23:17:48
2ef4022e-09dd-4288-b797-c3b955abc88d,Laptops & Computers,931.79,2023-07-28 03:54:28
128c18e9-0891-450f-91f6-95aee87873c5,Cameras & Drones,251.45,2023-11-22 09:19:46
bb2b7e3b-3fdb-414a-9937-85084db44b7d,Audio & Headphones,339.27,2023-04-23 02:28:04
82dac42b-c29a-4c51-b279-faa63e0ab945,Laptops & Computers,59.63,2023-11-20 01:56:49
4d5ed89c-1407-49c1-b1ed-8f71a5dfbbf2,Wearable Technology,1947.54,2023-04-09 18:51:18
3cd70ee0-82a8-4b0c-a3f1-0ef5c0171f2a,Laptops & Computers,1003.25,2023-05-20 06:37:31
cde82318-5071-4128-973e-bf1551046e2f,Audio & Headphones,295.2,2023-06-11 04:23:08
cfdcec60-ca4f-47eb-aff2-fccdd0107ad1,Wearable Technology,443.61,2023-03-19 10:05:42
4f5b0c95-1cdf-4b41-b3a8-8c9760610ff1,Wearable Technology,417.28,2023-08-01 02:41:58
4f5b0c95-1cdf-4b41-b3a8-8c9760610ff1,Cameras & Drones,915.31,2023-02-17 11:03:32
4df381f5-5203-47a6-b94c-e4bcf9627eb7,Wearable Technology,1340.18,2023-04-13 20:09:26
51cf495a-88a9-4f1f-821a-f0aa2ea9cd9f,Laptops & Computers,1382.33,2023-09-05 22:02:25
5278a2e7-bc23-49e9-952c-b1718c9daad1,Smart Home Devices,1670.21,2023-09-18 04:12:30
584c7ca3-e27d-4638-91e5-4f21464f0267,Laptops & Computers,1865.35,2023-04-11 18:00:13
69cc03bc-9341-4528-a984-279baadf6782,Smart Home Devices,1221.19,2023-06-17 18:57:34
aad07a7e-170c-45c5-8d78-e5e4fbb26f8c,Cameras & Drones,1350.59,2023-12-08 15:29:44
51cf495a-88a9-4f1f-821a-f0aa2ea9cd9f,Audio & Headphones,360.61,2023-06-18 14:07:59
e3d4d9d6-9b20-4517-882b-aa25c70e220b,Smart Home Devices,1739.56,2023-02-27 03:19:52
25f38215-95e3-4138-ab1e-55485f7172cb,Cameras & Drones,1575.65,2023-08-13 12:06:36
2999fa18-62f9-410b-a6fa-1328de467c31,Smart Home Devices,262.76,2023-04-14 02:33:05
6712258b-44e8-4f66-bf5e-334a8b4dafa9,Laptops & Computers,1625.3,2023-08-11 08:03:29
9dfb8af5-3b93-4335-9665-f9146facb59b,Smart Home Devices,668.53,2023-03-27 03:50:04
